{
  "mae": 0.03934925426863652,
  "rmse": 0.09935809585064273,
  "r2": 0.4689372061705347,
  "pct_within_tolerance": 0.9925595238095238,
  "tolerance": 0.25,
  "n_samples": 2016,
  "cv_mae_mean": 0.03632193177834826,
  "cv_mae_std": 0.0005527490020413952,
  "cv_mae_scores": [
    0.03604957537736299,
    0.0359636556367918,
    0.03644193877738602,
    0.03580901717787731,
    0.037345471922323195
  ],
  "model_type": "ridge"
}